timestamp,date,price
1651852800,2022-05-06T12:00:00,1.045
1651853700,2022-05-06T12:15:00,1.04
1651854600,2022-05-06T12:30:00,1.042
1651855500,2022-05-06T12:45:00,1.049
1651856400,2022-05-06T13:00:00,1.054
1651857300,2022-05-06T13:15:00,1.045
1651858200,2022-05-06T13:30:00,1.046
1651859100,2022-05-06T13:45:00,1.045
1651860000,2022-05-06T14:00:00,1.043
1651860900,2022-05-06T14:15:00,1.04
1651861800,2022-05-06T14:30:00,1.041
1651862700,2022-05-06T14:45:00,1.046
1651863600,2022-05-06T15:00:00,1.047
1651864500,2022-05-06T15:15:00,1.044
1651865400,2022-05-06T15:30:00,1.044
1651866300,2022-05-06T15:45:00,1.049
1651867200,2022-05-06T16:00:00,1.05
1651868100,2022-05-06T16:15:00,1.047
1651869000,2022-05-06T16:30:00,1.043
1651869900,2022-05-06T16:45:00,1.047
1651870800,2022-05-06T17:00:00,1.051
1651871700,2022-05-06T17:15:00,1.049
1651872600,2022-05-06T17:30:00,1.049
1651873500,2022-05-06T17:45:00,1.044
1651874400,2022-05-06T18:00:00,1.046
1651875300,2022-05-06T18:15:00,1.042
1651876200,2022-05-06T18:30:00,1.044
1651877100,2022-05-06T18:45:00,1.047
1651878000,2022-05-06T19:00:00,1.048
1651878900,2022-05-06T19:15:00,1.049
1651879800,2022-05-06T19:30:00,1.049
1651880700,2022-05-06T19:45:00,1.044
1651881600,2022-05-06T20:00:00,1.042
1651882500,2022-05-06T20:15:00,1.046
1651883400,2022-05-06T20:30:00,1.042
1651884300,2022-05-06T20:45:00,1.048
1651885200,2022-05-06T21:00:00,1.043
1651886100,2022-05-06T21:15:00,1.047
1651887000,2022-05-06T21:30:00,1.042
1651887900,2022-05-06T21:45:00,1.041
1651888800,2022-05-06T22:00:00,1.043
1651889700,2022-05-06T22:15:00,1.042
1651890600,2022-05-06T22:30:00,1.037
1651891500,2022-05-06T22:45:00,1.034
1651892400,2022-05-06T23:00:00,1.034
1651893300,2022-05-06T23:15:00,1.031
1651894200,2022-05-06T23:30:00,1.024
1651895100,2022-05-06T23:45:00,1.027
1651896001,2022-05-07T00:00:01,1.023
1651896900,2022-05-07T00:15:00,1.019
1651897800,2022-05-07T00:30:00,1.021
1651898700,2022-05-07T00:45:00,1.019
1651899600,2022-05-07T01:00:00,1.017
1651900500,2022-05-07T01:15:00,1.019
1651901400,2022-05-07T01:30:00,1.026
1651902300,2022-05-07T01:45:00,1.028
1651903200,2022-05-07T02:00:00,1.033
1651904100,2022-05-07T02:15:00,1.04
1651905000,2022-05-07T02:30:00,1.041
1651905900,2022-05-07T02:45:00,1.044
1651906800,2022-05-07T03:00:00,1.046
1651907700,2022-05-07T03:15:00,1.046
1651908600,2022-05-07T03:30:00,1.051
1651909500,2022-05-07T03:45:00,1.061
1651910400,2022-05-07T04:00:00,1.06
1651911300,2022-05-07T04:15:00,1.058
1651912200,2022-05-07T04:30:00,1.056
1651913100,2022-05-07T04:45:00,1.06
1651914000,2022-05-07T05:00:00,1.061
1651914900,2022-05-07T05:15:00,1.061
1651915801,2022-05-07T05:30:01,1.06
1651916700,2022-05-07T05:45:00,1.061
1651917600,2022-05-07T06:00:00,1.055
1651918500,2022-05-07T06:15:00,1.054
1651919400,2022-05-07T06:30:00,1.055
1651920300,2022-05-07T06:45:00,1.057
1651921200,2022-05-07T07:00:00,1.06
1651922100,2022-05-07T07:15:00,1.061
1651923000,2022-05-07T07:30:00,1.058
1651923900,2022-05-07T07:45:00,1.054
1651924800,2022-05-07T08:00:00,1.054
1651925700,2022-05-07T08:15:00,1.053
1651926600,2022-05-07T08:30:00,1.049
1651927500,2022-05-07T08:45:00,1.045
1651928400,2022-05-07T09:00:00,1.045
1651929300,2022-05-07T09:15:00,1.041
1651930200,2022-05-07T09:30:00,1.041
1651931100,2022-05-07T09:45:00,1.044
1651932000,2022-05-07T10:00:00,1.042
1651932900,2022-05-07T10:15:00,1.042
1651933800,2022-05-07T10:30:00,1.045
1651934700,2022-05-07T10:45:00,1.044
1651935600,2022-05-07T11:00:00,1.047
1651936500,2022-05-07T11:15:00,1.048
1651937400,2022-05-07T11:30:00,1.05
1651938300,2022-05-07T11:45:00,1.045
1651939200,2022-05-07T12:00:00,1.046
1651940100,2022-05-07T12:15:00,1.047
1651941000,2022-05-07T12:30:00,1.047
1651941900,2022-05-07T12:45:00,1.05
1651942800,2022-05-07T13:00:00,1.047
1651943700,2022-05-07T13:15:00,1.044
1651944600,2022-05-07T13:30:00,1.049
1651945500,2022-05-07T13:45:00,1.048
1651946400,2022-05-07T14:00:00,1.047
1651947300,2022-05-07T14:15:00,1.049
1651948200,2022-05-07T14:30:00,1.057
1651949100,2022-05-07T14:45:00,1.055
1651950000,2022-05-07T15:00:00,1.052
1651950900,2022-05-07T15:15:00,1.055
1651951800,2022-05-07T15:30:00,1.054
1651952700,2022-05-07T15:45:00,1.05
1651953600,2022-05-07T16:00:00,1.048
1651954500,2022-05-07T16:15:00,1.047
1651955400,2022-05-07T16:30:00,1.045
1651956300,2022-05-07T16:45:00,1.04
1651957200,2022-05-07T17:00:00,1.045
1651958100,2022-05-07T17:15:00,1.035
1651959000,2022-05-07T17:30:00,1.032
1651959900,2022-05-07T17:45:00,1.035
1651960800,2022-05-07T18:00:00,1.019
1651961700,2022-05-07T18:15:00,1.017
1651962600,2022-05-07T18:30:00,1.014
1651963500,2022-05-07T18:45:00,1.015
1651964400,2022-05-07T19:00:00,1
1651965300,2022-05-07T19:15:00,1.021
1651966200,2022-05-07T19:30:00,1.026
1651967100,2022-05-07T19:45:00,1.024
1651968000,2022-05-07T20:00:00,1.02
1651968900,2022-05-07T20:15:00,1.027
1651969800,2022-05-07T20:30:00,1.022
1651970700,2022-05-07T20:45:00,1.021
1651971600,2022-05-07T21:00:00,1.01
1651972500,2022-05-07T21:15:00,1.014
1651973400,2022-05-07T21:30:00,1.009
1651974300,2022-05-07T21:45:00,1.01
1651975200,2022-05-07T22:00:00,1.002
1651976100,2022-05-07T22:15:00,0.993
1651977000,2022-05-07T22:30:00,0.991
1651977900,2022-05-07T22:45:00,0.983
1651978800,2022-05-07T23:00:00,0.989
1651979700,2022-05-07T23:15:00,0.988
1651980600,2022-05-07T23:30:00,0.989
1651981500,2022-05-07T23:45:00,0.987
1651982400,2022-05-08T00:00:00,0.989
1651983300,2022-05-08T00:15:00,0.994
1651984200,2022-05-08T00:30:00,0.997
1651985100,2022-05-08T00:45:00,0.993
1651986000,2022-05-08T01:00:00,0.987
1651986900,2022-05-08T01:15:00,0.985
1651987800,2022-05-08T01:30:00,0.98
1651988700,2022-05-08T01:45:00,0.984
1651989600,2022-05-08T02:00:00,0.984
1651990500,2022-05-08T02:15:00,0.986
1651991400,2022-05-08T02:30:00,0.993
1651992300,2022-05-08T02:45:00,0.994
1651993200,2022-05-08T03:00:00,0.999
1651994100,2022-05-08T03:15:00,0.996
1651995000,2022-05-08T03:30:00,0.993
1651995900,2022-05-08T03:45:00,0.991
1651996800,2022-05-08T04:00:00,0.991
1651997700,2022-05-08T04:15:00,0.999
1651998600,2022-05-08T04:30:00,0.992
1651999500,2022-05-08T04:45:00,0.997
1652000400,2022-05-08T05:00:00,0.997
1652001300,2022-05-08T05:15:00,0.995
1652002200,2022-05-08T05:30:00,0.993
1652003100,2022-05-08T05:45:00,0.989
1652004000,2022-05-08T06:00:00,0.991
1652004900,2022-05-08T06:15:00,0.999
1652005800,2022-05-08T06:30:00,1
1652006700,2022-05-08T06:45:00,1
1652007600,2022-05-08T07:00:00,1.004
1652008500,2022-05-08T07:15:00,1.008
1652009400,2022-05-08T07:30:00,1.01
1652010300,2022-05-08T07:45:00,1.007
1652011200,2022-05-08T08:00:00,1.008
1652012100,2022-05-08T08:15:00,1.009
1652013000,2022-05-08T08:30:00,0.999
1652013900,2022-05-08T08:45:00,0.996
1652014800,2022-05-08T09:00:00,0.989
1652015700,2022-05-08T09:15:00,0.986
1652016600,2022-05-08T09:30:00,0.986
1652017500,2022-05-08T09:45:00,0.984
1652018400,2022-05-08T10:00:00,0.974
1652019300,2022-05-08T10:15:00,0.977
1652020200,2022-05-08T10:30:00,0.977
1652021100,2022-05-08T10:45:00,0.975
1652022000,2022-05-08T11:00:00,0.982
1652022900,2022-05-08T11:15:00,0.981
1652023800,2022-05-08T11:30:00,0.989
1652024700,2022-05-08T11:45:00,0.988
1652025600,2022-05-08T12:00:00,0.979
1652026500,2022-05-08T12:15:00,0.984
1652027400,2022-05-08T12:30:00,0.989
1652028300,2022-05-08T12:45:00,0.987
1652029200,2022-05-08T13:00:00,0.984
1652030100,2022-05-08T13:15:00,0.971
1652031001,2022-05-08T13:30:01,0.972
1652031900,2022-05-08T13:45:00,0.965
1652032800,2022-05-08T14:00:00,0.975
1652033700,2022-05-08T14:15:00,0.966
1652034600,2022-05-08T14:30:00,0.977
1652035500,2022-05-08T14:45:00,0.985
1652036400,2022-05-08T15:00:00,0.986
1652037300,2022-05-08T15:15:00,0.991
1652038200,2022-05-08T15:30:00,0.993
1652039100,2022-05-08T15:45:00,0.991
1652040000,2022-05-08T16:00:00,0.99
1652040900,2022-05-08T16:15:00,0.985
1652041800,2022-05-08T16:30:00,0.979
1652042700,2022-05-08T16:45:00,0.982
1652043600,2022-05-08T17:00:00,0.981
1652044500,2022-05-08T17:15:00,0.989
1652045400,2022-05-08T17:30:00,0.988
1652046300,2022-05-08T17:45:00,0.995
1652047200,2022-05-08T18:00:00,0.995
1652048100,2022-05-08T18:15:00,0.986
1652049000,2022-05-08T18:30:00,0.982
1652049900,2022-05-08T18:45:00,0.978
1652050800,2022-05-08T19:00:00,0.982
1652051700,2022-05-08T19:15:00,0.981
1652052600,2022-05-08T19:30:00,0.979
1652053500,2022-05-08T19:45:00,0.973
1652054400,2022-05-08T20:00:00,0.977
1652055300,2022-05-08T20:15:00,0.981
1652056200,2022-05-08T20:30:00,0.983
1652057100,2022-05-08T20:45:00,0.99
1652058000,2022-05-08T21:00:00,0.987
1652058900,2022-05-08T21:15:00,0.984
1652059800,2022-05-08T21:30:00,0.982
1652060700,2022-05-08T21:45:00,0.971
1652061600,2022-05-08T22:00:00,0.967
1652062500,2022-05-08T22:15:00,0.96
1652063400,2022-05-08T22:30:00,0.95
1652064300,2022-05-08T22:45:00,0.948
1652065200,2022-05-08T23:00:00,0.948
1652066100,2022-05-08T23:15:00,0.957
1652067000,2022-05-08T23:30:00,0.958
1652067900,2022-05-08T23:45:00,0.958
1652068800,2022-05-09T00:00:00,0.956
1652069700,2022-05-09T00:15:00,0.963
1652070600,2022-05-09T00:30:00,0.964
1652071500,2022-05-09T00:45:00,0.959
1652072400,2022-05-09T01:00:00,0.956
1652073300,2022-05-09T01:15:00,0.953
1652074200,2022-05-09T01:30:00,0.949
1652075100,2022-05-09T01:45:00,0.944
1652076000,2022-05-09T02:00:00,0.941
1652076900,2022-05-09T02:15:00,0.934
1652077800,2022-05-09T02:30:00,0.934
1652078700,2022-05-09T02:45:00,0.932
1652079600,2022-05-09T03:00:00,0.936
1652080500,2022-05-09T03:15:00,0.94
1652081400,2022-05-09T03:30:00,0.93
1652082300,2022-05-09T03:45:00,0.931
1652083200,2022-05-09T04:00:00,0.93
1652084100,2022-05-09T04:15:00,0.927
1652085000,2022-05-09T04:30:00,0.921
1652085900,2022-05-09T04:45:00,0.923
1652086801,2022-05-09T05:00:01,0.931
1652087700,2022-05-09T05:15:00,0.937
1652088600,2022-05-09T05:30:00,0.928
1652089500,2022-05-09T05:45:00,0.927
1652090401,2022-05-09T06:00:01,0.926
1652091300,2022-05-09T06:15:00,0.919
1652092200,2022-05-09T06:30:00,0.902
1652093100,2022-05-09T06:45:00,0.897
1652094000,2022-05-09T07:00:00,0.888
1652094900,2022-05-09T07:15:00,0.895
1652095800,2022-05-09T07:30:00,0.894
1652096700,2022-05-09T07:45:00,0.896
1652097600,2022-05-09T08:00:00,0.907
1652098500,2022-05-09T08:15:00,0.897
1652099400,2022-05-09T08:30:00,0.899
1652100300,2022-05-09T08:45:00,0.902
1652101200,2022-05-09T09:00:00,0.892
1652102100,2022-05-09T09:15:00,0.891
1652103000,2022-05-09T09:30:00,0.884
1652103900,2022-05-09T09:45:00,0.901
1652104800,2022-05-09T10:00:00,0.896
1652105700,2022-05-09T10:15:00,0.891
1652106600,2022-05-09T10:30:00,0.879
1652107500,2022-05-09T10:45:00,0.882
1652108400,2022-05-09T11:00:00,0.882
1652109300,2022-05-09T11:15:00,0.886
1652110200,2022-05-09T11:30:00,0.868
1652111100,2022-05-09T11:45:00,0.871
1652112000,2022-05-09T12:00:00,0.869
1652112900,2022-05-09T12:15:00,0.869
1652113800,2022-05-09T12:30:00,0.862
1652114700,2022-05-09T12:45:00,0.839
1652115600,2022-05-09T13:00:00,0.825
1652116500,2022-05-09T13:15:00,0.828
1652117400,2022-05-09T13:30:00,0.837
1652118300,2022-05-09T13:45:00,0.839
1652119200,2022-05-09T14:00:00,0.826
1652120100,2022-05-09T14:15:00,0.821
1652121001,2022-05-09T14:30:01,0.814
1652121900,2022-05-09T14:45:00,0.796
1652122800,2022-05-09T15:00:00,0.815
1652123700,2022-05-09T15:15:00,0.82
1652124600,2022-05-09T15:30:00,0.812
1652125500,2022-05-09T15:45:00,0.805
1652126400,2022-05-09T16:00:00,0.83
1652127300,2022-05-09T16:15:00,0.858
1652128200,2022-05-09T16:30:00,0.858
1652129100,2022-05-09T16:45:00,0.845
1652130000,2022-05-09T17:00:00,0.855
1652130900,2022-05-09T17:15:00,0.853
1652131800,2022-05-09T17:30:00,0.855
1652132700,2022-05-09T17:45:00,0.85
1652133600,2022-05-09T18:00:00,0.831
1652134500,2022-05-09T18:15:00,0.846
1652135400,2022-05-09T18:30:00,0.84
1652136300,2022-05-09T18:45:00,0.854
1652137200,2022-05-09T19:00:00,0.847
1652138100,2022-05-09T19:15:00,0.845
1652139000,2022-05-09T19:30:00,0.835
1652139900,2022-05-09T19:45:00,0.828
1652140800,2022-05-09T20:00:00,0.807
1652141700,2022-05-09T20:15:00,0.805
1652142600,2022-05-09T20:30:00,0.798
1652143500,2022-05-09T20:45:00,0.833
1652144400,2022-05-09T21:00:00,0.846
1652145300,2022-05-09T21:15:00,0.861
1652146200,2022-05-09T21:30:00,0.868
1652147100,2022-05-09T21:45:00,0.862
1652148000,2022-05-09T22:00:00,0.869
1652148900,2022-05-09T22:15:00,0.857
1652149800,2022-05-09T22:30:00,0.877
1652150700,2022-05-09T22:45:00,0.884
1652151600,2022-05-09T23:00:00,0.87
1652152500,2022-05-09T23:15:00,0.867
1652153400,2022-05-09T23:30:00,0.866
1652154300,2022-05-09T23:45:00,0.868
1652155200,2022-05-10T00:00:00,0.867
1652156100,2022-05-10T00:15:00,0.872
1652157000,2022-05-10T00:30:00,0.882
1652157900,2022-05-10T00:45:00,0.899
1652158800,2022-05-10T01:00:00,0.912
1652159700,2022-05-10T01:15:00,0.913
1652160600,2022-05-10T01:30:00,0.912
1652161500,2022-05-10T01:45:00,0.924
1652162400,2022-05-10T02:00:00,0.94
1652163300,2022-05-10T02:15:00,0.951
1652164200,2022-05-10T02:30:00,0.955
1652165100,2022-05-10T02:45:00,0.962
1652166000,2022-05-10T03:00:00,0.948
1652166900,2022-05-10T03:15:00,0.942
1652167800,2022-05-10T03:30:00,0.946
1652168700,2022-05-10T03:45:00,0.934
1652169600,2022-05-10T04:00:00,0.929
1652170500,2022-05-10T04:15:00,0.939
1652171400,2022-05-10T04:30:00,0.954
1652172300,2022-05-10T04:45:00,0.949
1652173200,2022-05-10T05:00:00,0.944
1652174100,2022-05-10T05:15:00,0.944
1652175000,2022-05-10T05:30:00,0.928
1652175900,2022-05-10T05:45:00,0.938
1652176800,2022-05-10T06:00:00,0.924
1652177700,2022-05-10T06:15:00,0.924
1652178600,2022-05-10T06:30:00,0.931
1652179500,2022-05-10T06:45:00,0.928
1652180400,2022-05-10T07:00:00,0.928
1652181300,2022-05-10T07:15:00,0.935
1652182200,2022-05-10T07:30:00,0.946
1652183100,2022-05-10T07:45:00,0.954
1652184000,2022-05-10T08:00:00,0.954
1652184900,2022-05-10T08:15:00,0.956
1652185800,2022-05-10T08:30:00,0.965
1652186700,2022-05-10T08:45:00,0.975
1652187600,2022-05-10T09:00:00,0.975
1652188500,2022-05-10T09:15:00,0.977
1652189400,2022-05-10T09:30:00,0.964
1652190300,2022-05-10T09:45:00,0.952
1652191200,2022-05-10T10:00:00,0.963
1652192100,2022-05-10T10:15:00,0.959
1652193000,2022-05-10T10:30:00,0.95
1652193900,2022-05-10T10:45:00,0.926
1652194800,2022-05-10T11:00:00,0.917
1652195700,2022-05-10T11:15:00,0.907
1652196600,2022-05-10T11:30:00,0.903
1652197500,2022-05-10T11:45:00,0.927
1652198400,2022-05-10T12:00:00,0.928
1652199300,2022-05-10T12:15:00,0.926
1652200200,2022-05-10T12:30:00,0.92
1652201100,2022-05-10T12:45:00,0.915
1652202000,2022-05-10T13:00:00,0.917
1652202900,2022-05-10T13:15:00,0.926
1652203800,2022-05-10T13:30:00,0.928
1652204700,2022-05-10T13:45:00,0.944
1652205600,2022-05-10T14:00:00,0.939
1652206500,2022-05-10T14:15:00,0.94
1652207400,2022-05-10T14:30:00,0.935
1652208300,2022-05-10T14:45:00,0.941
1652209200,2022-05-10T15:00:00,0.934
1652210100,2022-05-10T15:15:00,0.92
1652211000,2022-05-10T15:30:00,0.922
1652211900,2022-05-10T15:45:00,0.913
1652212800,2022-05-10T16:00:00,0.917
1652213700,2022-05-10T16:15:00,0.91
1652214600,2022-05-10T16:30:00,0.904
1652215500,2022-05-10T16:45:00,0.9
1652216400,2022-05-10T17:00:00,0.888
1652217300,2022-05-10T17:15:00,0.885
1652218200,2022-05-10T17:30:00,0.876
1652219100,2022-05-10T17:45:00,0.863
1652220000,2022-05-10T18:00:00,0.857
1652220900,2022-05-10T18:15:00,0.881
1652221800,2022-05-10T18:30:00,0.877
1652222700,2022-05-10T18:45:00,0.867
1652223600,2022-05-10T19:00:00,0.886
1652224500,2022-05-10T19:15:00,0.903
1652225400,2022-05-10T19:30:00,0.897
1652226300,2022-05-10T19:45:00,0.886
1652227200,2022-05-10T20:00:00,0.891
1652228100,2022-05-10T20:15:00,0.882
1652229000,2022-05-10T20:30:00,0.906
1652229900,2022-05-10T20:45:00,0.9
1652230800,2022-05-10T21:00:00,0.888
1652231700,2022-05-10T21:15:00,0.878
1652232600,2022-05-10T21:30:00,0.875
1652233500,2022-05-10T21:45:00,0.87
1652234400,2022-05-10T22:00:00,0.869
1652235300,2022-05-10T22:15:00,0.872
1652236200,2022-05-10T22:30:00,0.896
1652237100,2022-05-10T22:45:00,0.896
1652238000,2022-05-10T23:00:00,0.9
1652238900,2022-05-10T23:15:00,0.896
1652239800,2022-05-10T23:30:00,0.884
1652240700,2022-05-10T23:45:00,0.878
1652241600,2022-05-11T00:00:00,0.879
1652242500,2022-05-11T00:15:00,0.871
1652243400,2022-05-11T00:30:00,0.881
1652244300,2022-05-11T00:45:00,0.866
1652245200,2022-05-11T01:00:00,0.867
1652246100,2022-05-11T01:15:00,0.893
1652247000,2022-05-11T01:30:00,0.89
1652247900,2022-05-11T01:45:00,0.871
1652248800,2022-05-11T02:00:00,0.866
1652249700,2022-05-11T02:15:00,0.866
1652250600,2022-05-11T02:30:00,0.867
1652251500,2022-05-11T02:45:00,0.852
1652252400,2022-05-11T03:00:00,0.827
1652253300,2022-05-11T03:15:00,0.823
1652254200,2022-05-11T03:30:00,0.831
1652255100,2022-05-11T03:45:00,0.804
1652256000,2022-05-11T04:00:00,0.817
1652256900,2022-05-11T04:15:00,0.848
1652257800,2022-05-11T04:30:00,0.843
1652258700,2022-05-11T04:45:00,0.838
1652259600,2022-05-11T05:00:00,0.85
1652260500,2022-05-11T05:15:00,0.832
1652261400,2022-05-11T05:30:00,0.86
1652262300,2022-05-11T05:45:00,0.867
1652263200,2022-05-11T06:00:00,0.874
1652264100,2022-05-11T06:15:00,0.882
1652265000,2022-05-11T06:30:00,0.873
1652265900,2022-05-11T06:45:00,0.875
1652266800,2022-05-11T07:00:00,0.863
1652267700,2022-05-11T07:15:00,0.867
1652268600,2022-05-11T07:30:00,0.85
1652269500,2022-05-11T07:45:00,0.838
1652270400,2022-05-11T08:00:00,0.82
1652271300,2022-05-11T08:15:00,0.847
1652272200,2022-05-11T08:30:00,0.846
1652273100,2022-05-11T08:45:00,0.759
1652274000,2022-05-11T09:00:00,0.691
1652274900,2022-05-11T09:15:00,0.71
1652275800,2022-05-11T09:30:00,0.749
1652276700,2022-05-11T09:45:00,0.767
1652277600,2022-05-11T10:00:00,0.784
1652278500,2022-05-11T10:15:00,0.779
1652279400,2022-05-11T10:30:00,0.785
1652280300,2022-05-11T10:45:00,0.8
1652281200,2022-05-11T11:00:00,0.789
1652282100,2022-05-11T11:15:00,0.768
1652283000,2022-05-11T11:30:00,0.768
1652283900,2022-05-11T11:45:00,0.77
1652284801,2022-05-11T12:00:01,0.755
1652285700,2022-05-11T12:15:00,0.739
1652286601,2022-05-11T12:30:01,0.738
1652287500,2022-05-11T12:45:00,0.73
1652288400,2022-05-11T13:00:00,0.715
1652289300,2022-05-11T13:15:00,0.722
1652290200,2022-05-11T13:30:00,0.697
1652291100,2022-05-11T13:45:00,0.684
1652292000,2022-05-11T14:00:00,0.698
1652292900,2022-05-11T14:15:00,0.697
1652293800,2022-05-11T14:30:00,0.712
1652294700,2022-05-11T14:45:00,0.699
1652295600,2022-05-11T15:00:00,0.685
1652296500,2022-05-11T15:15:00,0.689
1652297400,2022-05-11T15:30:00,0.675
1652298300,2022-05-11T15:45:00,0.66
1652299200,2022-05-11T16:00:00,0.664
1652300100,2022-05-11T16:15:00,0.664
1652301000,2022-05-11T16:30:00,0.655
1652301900,2022-05-11T16:45:00,0.651
1652302800,2022-05-11T17:00:00,0.622
1652303700,2022-05-11T17:15:00,0.623
1652304600,2022-05-11T17:30:00,0.611
1652305500,2022-05-11T17:45:00,0.618
1652306400,2022-05-11T18:00:00,0.652
1652307300,2022-05-11T18:15:00,0.676
1652308200,2022-05-11T18:30:00,0.673
1652309100,2022-05-11T18:45:00,0.658
1652310000,2022-05-11T19:00:00,0.665
1652310900,2022-05-11T19:15:00,0.666
1652311800,2022-05-11T19:30:00,0.651
1652312700,2022-05-11T19:45:00,0.666
1652313600,2022-05-11T20:00:00,0.67
1652314500,2022-05-11T20:15:00,0.683
1652315400,2022-05-11T20:30:00,0.699
1652316300,2022-05-11T20:45:00,0.714
1652317200,2022-05-11T21:00:00,0.694
1652318100,2022-05-11T21:15:00,0.69
1652319000,2022-05-11T21:30:00,0.683
1652319900,2022-05-11T21:45:00,0.69
1652320800,2022-05-11T22:00:00,0.671
1652321700,2022-05-11T22:15:00,0.671
1652322601,2022-05-11T22:30:01,0.666
1652323500,2022-05-11T22:45:00,0.647
1652324400,2022-05-11T23:00:00,0.644
1652325300,2022-05-11T23:15:00,0.63
1652326200,2022-05-11T23:30:00,0.627
1652327100,2022-05-11T23:45:00,0.628
1652328000,2022-05-12T00:00:00,0.608
1652328900,2022-05-12T00:15:00,0.601
1652329800,2022-05-12T00:30:00,0.605
1652330700,2022-05-12T00:45:00,0.608
1652331600,2022-05-12T01:00:00,0.59
1652332500,2022-05-12T01:15:00,0.562
1652333400,2022-05-12T01:30:00,0.564
1652334300,2022-05-12T01:45:00,0.559
1652335200,2022-05-12T02:00:00,0.55
1652336100,2022-05-12T02:15:00,0.556
1652337000,2022-05-12T02:30:00,0.576
1652337900,2022-05-12T02:45:00,0.57
1652338800,2022-05-12T03:00:00,0.555
1652339700,2022-05-12T03:15:00,0.526
1652340600,2022-05-12T03:30:00,0.561
1652341500,2022-05-12T03:45:00,0.566
1652342400,2022-05-12T04:00:00,0.573
1652343300,2022-05-12T04:15:00,0.565
1652344200,2022-05-12T04:30:00,0.562
1652345100,2022-05-12T04:45:00,0.551
1652346000,2022-05-12T05:00:00,0.556
1652346900,2022-05-12T05:15:00,0.548
1652347800,2022-05-12T05:30:00,0.556
1652348700,2022-05-12T05:45:00,0.547
1652349600,2022-05-12T06:00:00,0.537
1652350500,2022-05-12T06:15:00,0.533
1652351400,2022-05-12T06:30:00,0.551
1652352300,2022-05-12T06:45:00,0.575
1652353200,2022-05-12T07:00:00,0.578
1652354100,2022-05-12T07:15:00,0.58
1652355000,2022-05-12T07:30:00,0.598
1652355900,2022-05-12T07:45:00,0.577
1652356800,2022-05-12T08:00:00,0.566
1652357700,2022-05-12T08:15:00,0.557
1652358600,2022-05-12T08:30:00,0.55
1652359500,2022-05-12T08:45:00,0.569
1652360400,2022-05-12T09:00:00,0.575
1652361300,2022-05-12T09:15:00,0.575
1652362200,2022-05-12T09:30:00,0.587
1652363100,2022-05-12T09:45:00,0.569
1652364000,2022-05-12T10:00:00,0.568
1652364900,2022-05-12T10:15:00,0.579
1652365800,2022-05-12T10:30:00,0.585
1652366700,2022-05-12T10:45:00,0.584
1652367600,2022-05-12T11:00:00,0.609
1652368500,2022-05-12T11:15:00,0.619
1652369400,2022-05-12T11:30:00,0.616
1652370300,2022-05-12T11:45:00,0.615
1652371200,2022-05-12T12:00:00,0.601
1652372100,2022-05-12T12:15:00,0.611
1652373000,2022-05-12T12:30:00,0.627
1652373900,2022-05-12T12:45:00,0.624
1652374800,2022-05-12T13:00:00,0.649
1652375700,2022-05-12T13:15:00,0.641
1652376600,2022-05-12T13:30:00,0.632
1652377500,2022-05-12T13:45:00,0.626
1652378400,2022-05-12T14:00:00,0.616
1652379300,2022-05-12T14:15:00,0.61
1652380200,2022-05-12T14:30:00,0.606
1652381100,2022-05-12T14:45:00,0.592
1652382000,2022-05-12T15:00:00,0.591
1652382900,2022-05-12T15:15:00,0.597
1652383800,2022-05-12T15:30:00,0.61
1652384700,2022-05-12T15:45:00,0.608
1652385600,2022-05-12T16:00:00,0.611
1652386500,2022-05-12T16:15:00,0.595
1652387400,2022-05-12T16:30:00,0.607
1652388300,2022-05-12T16:45:00,0.609
1652389200,2022-05-12T17:00:00,0.6
1652390100,2022-05-12T17:15:00,0.592
1652391000,2022-05-12T17:30:00,0.584
1652391900,2022-05-12T17:45:00,0.587
1652392800,2022-05-12T18:00:00,0.59
1652393700,2022-05-12T18:15:00,0.594
1652394600,2022-05-12T18:30:00,0.582
1652395500,2022-05-12T18:45:00,0.59
1652396400,2022-05-12T19:00:00,0.586
1652397300,2022-05-12T19:15:00,0.602
1652398200,2022-05-12T19:30:00,0.604
1652399100,2022-05-12T19:45:00,0.605
1652400000,2022-05-12T20:00:00,0.6
1652400900,2022-05-12T20:15:00,0.596
1652401800,2022-05-12T20:30:00,0.594
1652402700,2022-05-12T20:45:00,0.61
1652403600,2022-05-12T21:00:00,0.62
1652404500,2022-05-12T21:15:00,0.631
1652405400,2022-05-12T21:30:00,0.626
1652406300,2022-05-12T21:45:00,0.621
1652407200,2022-05-12T22:00:00,0.625
1652408100,2022-05-12T22:15:00,0.628
1652409000,2022-05-12T22:30:00,0.646
1652409900,2022-05-12T22:45:00,0.658
1652410801,2022-05-12T23:00:01,0.654
1652411700,2022-05-12T23:15:00,0.673
1652412600,2022-05-12T23:30:00,0.675
1652413500,2022-05-12T23:45:00,0.674
1652414400,2022-05-13T00:00:00,0.692
1652415300,2022-05-13T00:15:00,0.682
1652416200,2022-05-13T00:30:00,0.696
1652417100,2022-05-13T00:45:00,0.689
1652418000,2022-05-13T01:00:00,0.7
1652418901,2022-05-13T01:15:01,0.711
1652419801,2022-05-13T01:30:01,0.708
1652420700,2022-05-13T01:45:00,0.716
1652421601,2022-05-13T02:00:01,0.712
1652422500,2022-05-13T02:15:00,0.725
1652423400,2022-05-13T02:30:00,0.714
1652424300,2022-05-13T02:45:00,0.717
1652425200,2022-05-13T03:00:00,0.713
1652426100,2022-05-13T03:15:00,0.705
1652427000,2022-05-13T03:30:00,0.704
1652427900,2022-05-13T03:45:00,0.703
1652428800,2022-05-13T04:00:00,0.682
1652429700,2022-05-13T04:15:00,0.692
1652430600,2022-05-13T04:30:00,0.695
1652431500,2022-05-13T04:45:00,0.698
1652432400,2022-05-13T05:00:00,0.689
1652433300,2022-05-13T05:15:00,0.705
1652434200,2022-05-13T05:30:00,0.708
1652435100,2022-05-13T05:45:00,0.7
1652436000,2022-05-13T06:00:00,0.696
1652436900,2022-05-13T06:15:00,0.69
1652437800,2022-05-13T06:30:00,0.691
1652438700,2022-05-13T06:45:00,0.711
1652439600,2022-05-13T07:00:00,0.715
1652440500,2022-05-13T07:15:00,0.719
1652441400,2022-05-13T07:30:00,0.72
1652442300,2022-05-13T07:45:00,0.719
1652443200,2022-05-13T08:00:00,0.729
1652444100,2022-05-13T08:15:00,0.709
1652445000,2022-05-13T08:30:00,0.722
1652445900,2022-05-13T08:45:00,0.718
1652446800,2022-05-13T09:00:00,0.722
1652447700,2022-05-13T09:15:00,0.705
1652448600,2022-05-13T09:30:00,0.7
1652449500,2022-05-13T09:45:00,0.716
1652450400,2022-05-13T10:00:00,0.736
1652451300,2022-05-13T10:15:00,0.737
1652452200,2022-05-13T10:30:00,0.745
1652453100,2022-05-13T10:45:00,0.742
1652454000,2022-05-13T11:00:00,0.736
1652454900,2022-05-13T11:15:00,0.729
1652455800,2022-05-13T11:30:00,0.721
1652456700,2022-05-13T11:45:00,0.707
1652457600,2022-05-13T12:00:00,0.707
1652458500,2022-05-13T12:15:00,0.72
1652459400,2022-05-13T12:30:00,0.704
1652460300,2022-05-13T12:45:00,0.698
1652461200,2022-05-13T13:00:00,0.692
1652462100,2022-05-13T13:15:00,0.697
1652463000,2022-05-13T13:30:00,0.695
1652463900,2022-05-13T13:45:00,0.686
1652464800,2022-05-13T14:00:00,0.683
1652465700,2022-05-13T14:15:00,0.681
1652466600,2022-05-13T14:30:00,0.684
1652467500,2022-05-13T14:45:00,0.681
1652468400,2022-05-13T15:00:00,0.693
1652469300,2022-05-13T15:15:00,0.69
1652470200,2022-05-13T15:30:00,0.693
1652471100,2022-05-13T15:45:00,0.692
1652472001,2022-05-13T16:00:01,0.69
1652472900,2022-05-13T16:15:00,0.678
1652473800,2022-05-13T16:30:00,0.696
1652474700,2022-05-13T16:45:00,0.696
1652475600,2022-05-13T17:00:00,0.684
1652476500,2022-05-13T17:15:00,0.684
1652477400,2022-05-13T17:30:00,0.69
1652478300,2022-05-13T17:45:00,0.697
1652479200,2022-05-13T18:00:00,0.703
1652480100,2022-05-13T18:15:00,0.702
1652481000,2022-05-13T18:30:00,0.693
1652481900,2022-05-13T18:45:00,0.687
1652482800,2022-05-13T19:00:00,0.687
1652483700,2022-05-13T19:15:00,0.68
1652484600,2022-05-13T19:30:00,0.678
1652485500,2022-05-13T19:45:00,0.665
1652486400,2022-05-13T20:00:00,0.667
1652487300,2022-05-13T20:15:00,0.672
1652488200,2022-05-13T20:30:00,0.675
1652489100,2022-05-13T20:45:00,0.681
1652490000,2022-05-13T21:00:00,0.681
1652490900,2022-05-13T21:15:00,0.684
1652491800,2022-05-13T21:30:00,0.699
1652492700,2022-05-13T21:45:00,0.703
1652493600,2022-05-13T22:00:00,0.703
1652494500,2022-05-13T22:15:00,0.702
1652495400,2022-05-13T22:30:00,0.706
1652496300,2022-05-13T22:45:00,0.705
1652497200,2022-05-13T23:00:00,0.695
1652498100,2022-05-13T23:15:00,0.7
1652499000,2022-05-13T23:30:00,0.691
1652499900,2022-05-13T23:45:00,0.686
1652500800,2022-05-14T00:00:00,0.691
1652501700,2022-05-14T00:15:00,0.687
1652502600,2022-05-14T00:30:00,0.685
1652503500,2022-05-14T00:45:00,0.674
1652504400,2022-05-14T01:00:00,0.668
1652505300,2022-05-14T01:15:00,0.674
1652506200,2022-05-14T01:30:00,0.673
1652507100,2022-05-14T01:45:00,0.678
1652508000,2022-05-14T02:00:00,0.679
1652508900,2022-05-14T02:15:00,0.674
1652509800,2022-05-14T02:30:00,0.681
1652510700,2022-05-14T02:45:00,0.684
1652511600,2022-05-14T03:00:00,0.686
1652512500,2022-05-14T03:15:00,0.685
1652513400,2022-05-14T03:30:00,0.682
1652514300,2022-05-14T03:45:00,0.675
1652515200,2022-05-14T04:00:00,0.669
1652516100,2022-05-14T04:15:00,0.669
1652517000,2022-05-14T04:30:00,0.67
1652517900,2022-05-14T04:45:00,0.671
1652518800,2022-05-14T05:00:00,0.677
1652519700,2022-05-14T05:15:00,0.677
1652520600,2022-05-14T05:30:00,0.674
1652521500,2022-05-14T05:45:00,0.666
1652522400,2022-05-14T06:00:00,0.666
1652523300,2022-05-14T06:15:00,0.657
1652524200,2022-05-14T06:30:00,0.65
1652525100,2022-05-14T06:45:00,0.649
1652526000,2022-05-14T07:00:00,0.64
1652526900,2022-05-14T07:15:00,0.635
1652527800,2022-05-14T07:30:00,0.63
1652528700,2022-05-14T07:45:00,0.631
1652529600,2022-05-14T08:00:00,0.639
1652530500,2022-05-14T08:15:00,0.63
1652531400,2022-05-14T08:30:00,0.64
1652532300,2022-05-14T08:45:00,0.637
1652533200,2022-05-14T09:00:00,0.634
1652534100,2022-05-14T09:15:00,0.627
1652535000,2022-05-14T09:30:00,0.627
1652535900,2022-05-14T09:45:00,0.625
1652536800,2022-05-14T10:00:00,0.625
1652537700,2022-05-14T10:15:00,0.618
1652538600,2022-05-14T10:30:00,0.627
1652539500,2022-05-14T10:45:00,0.626
1652540400,2022-05-14T11:00:00,0.628
1652541300,2022-05-14T11:15:00,0.636
1652542200,2022-05-14T11:30:00,0.632
1652543100,2022-05-14T11:45:00,0.624
1652544000,2022-05-14T12:00:00,0.625
1652544900,2022-05-14T12:15:00,0.625
1652545800,2022-05-14T12:30:00,0.641
1652546700,2022-05-14T12:45:00,0.652
1652547600,2022-05-14T13:00:00,0.662
1652548500,2022-05-14T13:15:00,0.663
1652549400,2022-05-14T13:30:00,0.66
1652550300,2022-05-14T13:45:00,0.65
1652551200,2022-05-14T14:00:00,0.659
1652552100,2022-05-14T14:15:00,0.669
1652553000,2022-05-14T14:30:00,0.67
1652553900,2022-05-14T14:45:00,0.664
1652554800,2022-05-14T15:00:00,0.66
1652555700,2022-05-14T15:15:00,0.659
1652556600,2022-05-14T15:30:00,0.656
1652557500,2022-05-14T15:45:00,0.653
1652558400,2022-05-14T16:00:00,0.655
1652559300,2022-05-14T16:15:00,0.661
1652560200,2022-05-14T16:30:00,0.663
1652561100,2022-05-14T16:45:00,0.661
1652562000,2022-05-14T17:00:00,0.659
1652562900,2022-05-14T17:15:00,0.655
1652563800,2022-05-14T17:30:00,0.663
1652564700,2022-05-14T17:45:00,0.671
1652565600,2022-05-14T18:00:00,0.669
1652566500,2022-05-14T18:15:00,0.673
1652567400,2022-05-14T18:30:00,0.67
1652568300,2022-05-14T18:45:00,0.663
1652569200,2022-05-14T19:00:00,0.681
1652570100,2022-05-14T19:15:00,0.679
1652571000,2022-05-14T19:30:00,0.681
1652571900,2022-05-14T19:45:00,0.685
1652572800,2022-05-14T20:00:00,0.684
1652573700,2022-05-14T20:15:00,0.679
1652574600,2022-05-14T20:30:00,0.691
1652575500,2022-05-14T20:45:00,0.682
1652576400,2022-05-14T21:00:00,0.68
1652577300,2022-05-14T21:15:00,0.675
1652578200,2022-05-14T21:30:00,0.675
1652579100,2022-05-14T21:45:00,0.673
1652580000,2022-05-14T22:00:00,0.673
1652580900,2022-05-14T22:15:00,0.667
1652581801,2022-05-14T22:30:01,0.663
1652582700,2022-05-14T22:45:00,0.662
1652583600,2022-05-14T23:00:00,0.665
1652584500,2022-05-14T23:15:00,0.662
1652585400,2022-05-14T23:30:00,0.659
1652586300,2022-05-14T23:45:00,0.661
1652587200,2022-05-15T00:00:00,0.663
1652588100,2022-05-15T00:15:00,0.666
1652589000,2022-05-15T00:30:00,0.666
1652589900,2022-05-15T00:45:00,0.66
1652590800,2022-05-15T01:00:00,0.663
1652591700,2022-05-15T01:15:00,0.661
1652592600,2022-05-15T01:30:00,0.667
1652593500,2022-05-15T01:45:00,0.674
1652594400,2022-05-15T02:00:00,0.678
1652595300,2022-05-15T02:15:00,0.679
1652596200,2022-05-15T02:30:00,0.685
1652597100,2022-05-15T02:45:00,0.678
1652598000,2022-05-15T03:00:00,0.684
1652598900,2022-05-15T03:15:00,0.685
1652599800,2022-05-15T03:30:00,0.683
1652600700,2022-05-15T03:45:00,0.682
1652601600,2022-05-15T04:00:00,0.676
1652602500,2022-05-15T04:15:00,0.675
1652603400,2022-05-15T04:30:00,0.676
1652604300,2022-05-15T04:45:00,0.675
1652605200,2022-05-15T05:00:00,0.669
1652606100,2022-05-15T05:15:00,0.666
1652607000,2022-05-15T05:30:00,0.672
1652607900,2022-05-15T05:45:00,0.672
1652608800,2022-05-15T06:00:00,0.672
1652609700,2022-05-15T06:15:00,0.669
1652610600,2022-05-15T06:30:00,0.668
1652611500,2022-05-15T06:45:00,0.669
1652612400,2022-05-15T07:00:00,0.676
1652613300,2022-05-15T07:15:00,0.677
1652614200,2022-05-15T07:30:00,0.678
1652615100,2022-05-15T07:45:00,0.685
1652616000,2022-05-15T08:00:00,0.688
1652616900,2022-05-15T08:15:00,0.695
1652617800,2022-05-15T08:30:00,0.694
1652618700,2022-05-15T08:45:00,0.692
1652619600,2022-05-15T09:00:00,0.692
1652620500,2022-05-15T09:15:00,0.689
1652621400,2022-05-15T09:30:00,0.682
1652622300,2022-05-15T09:45:00,0.678
1652623200,2022-05-15T10:00:00,0.679
1652624100,2022-05-15T10:15:00,0.673
1652625000,2022-05-15T10:30:00,0.672
1652625900,2022-05-15T10:45:00,0.677
1652626800,2022-05-15T11:00:00,0.682
1652627700,2022-05-15T11:15:00,0.69
1652628600,2022-05-15T11:30:00,0.689
1652629500,2022-05-15T11:45:00,0.682
1652630400,2022-05-15T12:00:00,0.68
1652631300,2022-05-15T12:15:00,0.679
1652632200,2022-05-15T12:30:00,0.685
1652633100,2022-05-15T12:45:00,0.693
1652634000,2022-05-15T13:00:00,0.692
1652634900,2022-05-15T13:15:00,0.692
1652635800,2022-05-15T13:30:00,0.693
1652636700,2022-05-15T13:45:00,0.693
1652637600,2022-05-15T14:00:00,0.693
1652638500,2022-05-15T14:15:00,0.693
1652639400,2022-05-15T14:30:00,0.701
1652640300,2022-05-15T14:45:00,0.703
1652641200,2022-05-15T15:00:00,0.703
1652642100,2022-05-15T15:15:00,0.697
1652643000,2022-05-15T15:30:00,0.697
1652643900,2022-05-15T15:45:00,0.7
1652644800,2022-05-15T16:00:00,0.705
1652645700,2022-05-15T16:15:00,0.714
1652646600,2022-05-15T16:30:00,0.72
1652647500,2022-05-15T16:45:00,0.716
1652648400,2022-05-15T17:00:00,0.719
1652649300,2022-05-15T17:15:00,0.717
1652650200,2022-05-15T17:30:00,0.711
1652651100,2022-05-15T17:45:00,0.71
1652652000,2022-05-15T18:00:00,0.721
1652652900,2022-05-15T18:15:00,0.728
1652653800,2022-05-15T18:30:00,0.73
1652654700,2022-05-15T18:45:00,0.73
1652655600,2022-05-15T19:00:00,0.73
1652656500,2022-05-15T19:15:00,0.728
1652657401,2022-05-15T19:30:01,0.727
1652658300,2022-05-15T19:45:00,0.73
1652659200,2022-05-15T20:00:00,0.741
1652660100,2022-05-15T20:15:00,0.733
1652661000,2022-05-15T20:30:00,0.728
1652661900,2022-05-15T20:45:00,0.723
1652662800,2022-05-15T21:00:00,0.723
1652663700,2022-05-15T21:15:00,0.72
1652664600,2022-05-15T21:30:00,0.721
1652665500,2022-05-15T21:45:00,0.715
1652666400,2022-05-15T22:00:00,0.717
1652667300,2022-05-15T22:15:00,0.713
1652668200,2022-05-15T22:30:00,0.716
1652669100,2022-05-15T22:45:00,0.716
1652670000,2022-05-15T23:00:00,0.715
1652670900,2022-05-15T23:15:00,0.711
1652671800,2022-05-15T23:30:00,0.706
1652672700,2022-05-15T23:45:00,0.702
1652673600,2022-05-16T00:00:00,0.706
1652674500,2022-05-16T00:15:00,0.7
1652675400,2022-05-16T00:30:00,0.704
1652676300,2022-05-16T00:45:00,0.703
1652677200,2022-05-16T01:00:00,0.702
1652678100,2022-05-16T01:15:00,0.707
1652679000,2022-05-16T01:30:00,0.709
1652679900,2022-05-16T01:45:00,0.708
1652680800,2022-05-16T02:00:00,0.704
1652681700,2022-05-16T02:15:00,0.684
1652682600,2022-05-16T02:30:00,0.677
1652683500,2022-05-16T02:45:00,0.673
1652684400,2022-05-16T03:00:00,0.669
1652685300,2022-05-16T03:15:00,0.667
1652686200,2022-05-16T03:30:00,0.67
1652687100,2022-05-16T03:45:00,0.677
1652688000,2022-05-16T04:00:00,0.676
1652688900,2022-05-16T04:15:00,0.679
1652689800,2022-05-16T04:30:00,0.681
1652690700,2022-05-16T04:45:00,0.682
1652691600,2022-05-16T05:00:00,0.68
1652692500,2022-05-16T05:15:00,0.672
1652693400,2022-05-16T05:30:00,0.666
1652694300,2022-05-16T05:45:00,0.667
1652695200,2022-05-16T06:00:00,0.668
1652696100,2022-05-16T06:15:00,0.669
1652697000,2022-05-16T06:30:00,0.676
1652697900,2022-05-16T06:45:00,0.68
1652698800,2022-05-16T07:00:00,0.689
1652699700,2022-05-16T07:15:00,0.681
1652700600,2022-05-16T07:30:00,0.684
1652701500,2022-05-16T07:45:00,0.683
1652702400,2022-05-16T08:00:00,0.681
1652703301,2022-05-16T08:15:01,0.678
1652704200,2022-05-16T08:30:00,0.685
1652705101,2022-05-16T08:45:01,0.689
1652706000,2022-05-16T09:00:00,0.689
1652706900,2022-05-16T09:15:00,0.69
1652707800,2022-05-16T09:30:00,0.683
1652708700,2022-05-16T09:45:00,0.679
1652709600,2022-05-16T10:00:00,0.672
1652710500,2022-05-16T10:15:00,0.68
1652711400,2022-05-16T10:30:00,0.682
1652712300,2022-05-16T10:45:00,0.682
1652713200,2022-05-16T11:00:00,0.675
1652714100,2022-05-16T11:15:00,0.674
1652715000,2022-05-16T11:30:00,0.678
1652715900,2022-05-16T11:45:00,0.67
1652716800,2022-05-16T12:00:00,0.675
1652717700,2022-05-16T12:15:00,0.669
1652718600,2022-05-16T12:30:00,0.668
1652719500,2022-05-16T12:45:00,0.668
1652720400,2022-05-16T13:00:00,0.665
1652721300,2022-05-16T13:15:00,0.671
1652722201,2022-05-16T13:30:01,0.674
1652723100,2022-05-16T13:45:00,0.677
1652724000,2022-05-16T14:00:00,0.679
1652724900,2022-05-16T14:15:00,0.682
1652725800,2022-05-16T14:30:00,0.685
1652726700,2022-05-16T14:45:00,0.691
1652727600,2022-05-16T15:00:00,0.689
1652728500,2022-05-16T15:15:00,0.684
1652729400,2022-05-16T15:30:00,0.681
1652730300,2022-05-16T15:45:00,0.683
1652731200,2022-05-16T16:00:00,0.677
1652732100,2022-05-16T16:15:00,0.681
1652733000,2022-05-16T16:30:00,0.681
1652733900,2022-05-16T16:45:00,0.683
1652734800,2022-05-16T17:00:00,0.687
1652735700,2022-05-16T17:15:00,0.694
1652736600,2022-05-16T17:30:00,0.692
1652737500,2022-05-16T17:45:00,0.696
1652738400,2022-05-16T18:00:00,0.692
1652739300,2022-05-16T18:15:00,0.696
1652740200,2022-05-16T18:30:00,0.692
1652741100,2022-05-16T18:45:00,0.691
1652742000,2022-05-16T19:00:00,0.685
1652742900,2022-05-16T19:15:00,0.683
1652743800,2022-05-16T19:30:00,0.681
1652744700,2022-05-16T19:45:00,0.678
1652745600,2022-05-16T20:00:00,0.674
1652746500,2022-05-16T20:15:00,0.682
1652747400,2022-05-16T20:30:00,0.683
1652748300,2022-05-16T20:45:00,0.688
1652749201,2022-05-16T21:00:01,0.693
1652750100,2022-05-16T21:15:00,0.688
1652751000,2022-05-16T21:30:00,0.684
1652751900,2022-05-16T21:45:00,0.684
1652752800,2022-05-16T22:00:00,0.687
1652753700,2022-05-16T22:15:00,0.695
1652754600,2022-05-16T22:30:00,0.688
1652755500,2022-05-16T22:45:00,0.691
1652756400,2022-05-16T23:00:00,0.694
1652757300,2022-05-16T23:15:00,0.698
1652758200,2022-05-16T23:30:00,0.699
1652759101,2022-05-16T23:45:01,0.704
1652760000,2022-05-17T00:00:00,0.706
1652760900,2022-05-17T00:15:00,0.704
1652761800,2022-05-17T00:30:00,0.702
1652762700,2022-05-17T00:45:00,0.709
1652763600,2022-05-17T01:00:00,0.71
1652764500,2022-05-17T01:15:00,0.708
1652765400,2022-05-17T01:30:00,0.706
1652766300,2022-05-17T01:45:00,0.708
1652767200,2022-05-17T02:00:00,0.712
1652768100,2022-05-17T02:15:00,0.709
1652769000,2022-05-17T02:30:00,0.709
1652769900,2022-05-17T02:45:00,0.713
1652770800,2022-05-17T03:00:00,0.718
1652771700,2022-05-17T03:15:00,0.712
1652772600,2022-05-17T03:30:00,0.704
1652773500,2022-05-17T03:45:00,0.707
1652774400,2022-05-17T04:00:00,0.703
1652775300,2022-05-17T04:15:00,0.707
1652776200,2022-05-17T04:30:00,0.707
1652777100,2022-05-17T04:45:00,0.712
1652778000,2022-05-17T05:00:00,0.71
1652778900,2022-05-17T05:15:00,0.713
1652779800,2022-05-17T05:30:00,0.717
1652780700,2022-05-17T05:45:00,0.718
1652781601,2022-05-17T06:00:01,0.715
1652782500,2022-05-17T06:15:00,0.713
1652783400,2022-05-17T06:30:00,0.715
1652784300,2022-05-17T06:45:00,0.709
1652785200,2022-05-17T07:00:00,0.71
1652786101,2022-05-17T07:15:01,0.712
1652787000,2022-05-17T07:30:00,0.711
1652787900,2022-05-17T07:45:00,0.706
1652788800,2022-05-17T08:00:00,0.706
1652789700,2022-05-17T08:15:00,0.709
1652790600,2022-05-17T08:30:00,0.712
1652791500,2022-05-17T08:45:00,0.725
1652792400,2022-05-17T09:00:00,0.724
1652793300,2022-05-17T09:15:00,0.72
1652794200,2022-05-17T09:30:00,0.721
1652795100,2022-05-17T09:45:00,0.729
1652796000,2022-05-17T10:00:00,0.724
1652796900,2022-05-17T10:15:00,0.717
1652797800,2022-05-17T10:30:00,0.718
1652798700,2022-05-17T10:45:00,0.705
1652799600,2022-05-17T11:00:00,0.695
1652800500,2022-05-17T11:15:00,0.701
1652801400,2022-05-17T11:30:00,0.691
1652802300,2022-05-17T11:45:00,0.695
1652803200,2022-05-17T12:00:00,0.7
1652804100,2022-05-17T12:15:00,0.693
1652805000,2022-05-17T12:30:00,0.692
1652805900,2022-05-17T12:45:00,0.697
1652806800,2022-05-17T13:00:00,0.704
1652807700,2022-05-17T13:15:00,0.711
1652808600,2022-05-17T13:30:00,0.712
1652809500,2022-05-17T13:45:00,0.712
1652810400,2022-05-17T14:00:00,0.706
1652811300,2022-05-17T14:15:00,0.702
1652812200,2022-05-17T14:30:00,0.688
1652813100,2022-05-17T14:45:00,0.69
1652814000,2022-05-17T15:00:00,0.693
1652814900,2022-05-17T15:15:00,0.704
1652815800,2022-05-17T15:30:00,0.707
1652816700,2022-05-17T15:45:00,0.705
1652817600,2022-05-17T16:00:00,0.704
1652818500,2022-05-17T16:15:00,0.703
1652819400,2022-05-17T16:30:00,0.709
1652820300,2022-05-17T16:45:00,0.713
